scientific_name,common_name,deer_resistant
Abelmoschus manihot,Hibiscus Manihot,True
Abies concolor 'Compacta',Compact White Fir,True
Acanthus 'Summer Beauty',Bear's Breeches,True
Acer Crimson Sunset 'JFS-KW202',Crimson Sunset Maple,True
Acer diabolicum,Devil Maple,True
Acer fabri,Emerald Jade Maple,True
Acer floridanum,Florida Maple,True
Acer palmatum,Japanese Maple,True
Achillea,Yarrow,True
Achillea filipendulina,Fernleaf Yarrow,True
Achillea millefolium,Common Yarrow,True
Achillea tomentosa,Woolly Yarrow,True
Aconitum,Monkshood,True
Aconitum uncinatum,Eastern Monkshood,True
Actaea,Baneberry,True
Actaea pachypoda,Doll's Eyes,True
Actaea podocarpa,Mountain Bugbane,True
Actaea racemosa,Black Cohosh,True
Adiantum,Maidenhair Fern,True
Adiantum capillus-veneris,Southern Maidenhair Fern,True
Adiantum pedatum,Northern Maidenhair Fern,True
Adiantum raddianum,Pacific Maidenhair,True
Adiantum tenerum,Fan Maidenhair,True
Adiantum x mairisii,Hardy Maidenhair Fern,True
Aegopodium podagraria,Ground Elder,True
Aeonium,Tree Houseleek,True
Aesculus californica,California Buckeye,True
Aesculus flava,Yellow Buckeye,True
Aesculus pavia,Red Buckeye,True
Aesculus sylvatica,Painted Buckeye,True
Agapanthus,Lily of the Nile,True
Ageratina,Snakeroot,True
Ageratum houstonianum,Floss Flower,True
Ajuga pyramidalis,Pyramidal Bugle,True
Ajuga reptans,Carpet Bugle,True
Ajuga reptans 'Chocolate Chip',Chocolate Chip Bugleweed,True
Allium ampeloprasum,Wild Leek,True
Allium caeruleum,Blue Globe Onion,True
Allium canadense,Wild Onion,True
Allium cepa,Onion,True
Allium moly,Golden Garlic,True
Allium sativum,Garlic,True
Allium sativum var. ophioscorodon,Hard Neck Garlic,True
Allium sativum var. sativum,Soft Neck Garlic,True
Allium sphaerocephalon,Drumsticks,True
Allium tuberosum,Garlic Chives,True
Alocasia,Elephant's-Ear,True
Alocasia 'Calidora',Calidora Elephant Ear,True
Alocasia sarawakensis 'Yucatan Princess',Yucatan Princess,True
Alocasia x mortfontanensis,African Mask,True
Aloysia virgata,Sweet Almond Bush,True
Alstroemeria,Peruvian Lily,True
Amaryllis belladonna,Belladonna Lily,True
Amelanchier arborea,Downy Serviceberry,True
Amelanchier canadensis,Canadian Serviceberry,True
Amelanchier laevis,Allegheny Serviceberry,True
Amelanchier x lamarckii,Apple Serviceberry,True
Amianthium muscitoxicum,Fly Poison,True
Amorpha fruticosa,Indigo Bush,True
Ampelaster carolinianus,Climbing Aster,True
Amsonia 'Blue Ice',Blue Star,True
Amsonia ciliata,Bluestar,True
Amsonia hubrichtii,Threadleaf Blue Star,True
Aquilegia x hybrida,Hybrid Columbine,True
Arabis caucasica,Caucasian Rockcress,True
Arachniodes simplicior 'Variegata',Variegated Holly Fern,True
Arachniodes standishii,Upside Down Fern,True
Aralia spinosa,Devil's Walkingstick,True
Argemone mexicana,Mexican Prickly Poppy,True
Aristida stricta,Wiregrass,True
Aristolochia fimbriata,Hardy Dutchman's Pipe,True
Aristolochia macrophylla,Dutchman's Pipe,True
Aristolochia serpentaria,Virginia Snakeroot,True
Arnoglossum atriplicifolium,Pale Indian Plantain,True
Artemisia,Wormwood,True
Artemisia abrotanum,Southernwood,True
Artemisia ludoviciana,Western Mugwort,True
Artemisia 'Powis Castle',Powis Castle Artemisia,True
Arum palaestinum,Black Calla,True
Aruncus dioicus,Goat's Beard,True
Asarum arifolium,Heartleaf Wild Ginger,True
Asarum canadense,Canadian Wild Ginger,True
Asclepias curassavica,Tropical Milkweed,True
Asclepias humistrata,Sandhill Milkweed,True
Asclepias incarnata,Swamp Milkweed,True
Asclepias incarnata subsp. pulchra,Eastern Swamp Milkweed,True
Asclepias quadrifolia,Four-Leaved Milkweed,True
Asclepias syriaca,Common Milkweed,True
Asclepias tuberosa,Butterfly Weed,True
Asclepias variegata,White Milkweed,True
Asparagus densiflorus,Asparagus Fern,True
Asparagus setaceus,Plumosa Fern,True
Aspidistra elatior,Cast Iron Plant,True
Asplenium bulbiferum,Mother Fern,True
Baptisia albescens,Spiked White Wild Indigo,True
Baptisia australis,Blue False Indigo,True
Baptisia 'Carolina Moonlight',Carolina Moonlight False Indigo,True
Baptisia cinerea,Carolina Wild Indigo,True
Baptisia 'Purple Smoke',Purple Smoke False Indigo,True
Baptisia tinctoria,Yellow Wild Indigo,True
Begonia,Wax Begonia,True
Berberis aquifolium,Oregon Grape Holly,True
Berberis aquifolium 'Orange Flame',Orange Flame Oregon Grape,True
Berberis bealei,Leatherleaf Mahonia,True
Berberis canadensis,American Barberry,True
Berberis candidula,Paleleaf Barberry,True
Berberis darwinii,Darwin Barberry,True
Berberis eurybracteata,Chinese Barberry,True
Berberis fremontii,Fremont Barberry,True
Berberis gracilis,Mexican Barberry,True
Berberis jamesiana,James Barberry,True
Berberis julianae,Wintergreen Barberry,True
Berberis microphylla 'Nana',Magellan Barberry,True
Berberis thunbergii,Japanese Barberry,True
Berberis thunbergii 'Aurea',Golden Japanese Barberry,True
Berberis thunbergii 'Crimson Pygmy',Crimson Pygmy Japanese Barberry,True
Berberis verruculosa,Warty Barberry,True
Berberis x chenaultii,Chenault Barberry,True
Berberis x gladwynensis 'William Penn',William Penn Barberry,True
Berberis x hortensis,Media Mahonia,True
Berberis x hortensis 'Arthur Menzies',Arthur Menzies Berberis,True
Berlandiera lyrata,Chocolate Daisy,True
Betonica officinalis,Wood Betony,True
Betonica officinalis subsp. officinalis,Alpine Betony,True
Betula lenta,Black Birch,True
Betula nigra 'Shiloh Splash',River Birch,True
Betula 'Royal Frost',Royal Frost Birch,True
Bigelowia nuttallii,Rayless Goldenrod,True
Blechnum spicant,Deer Fern,True
Boltonia asteroides,False Aster,True
Boltonia decurrens,Decurrent False Aster,True
Borago officinalis,Borage,True
Buddleja alternifolia,Fountain Butterfly Bush,True
Buddleja davidii,Butterfly Bush,True
Buddleja globosa,Orange Ball Tree,True
Buddleja x weyeriana,Weyer's Butterfly Bush,True
Buxus,Boxwood,True
Buxus 'Green Gem',Green Gem Boxwood,True
Buxus 'Green Mountain',Green Mountain Boxwood,True
Buxus 'Green Velvet',Green Velvet Boxwood,True
Buxus harlandii,Harland Boxwood,True
Buxus microphylla,Littleleaf Boxwood,True
Buxus microphylla var. japonica,Japanese Boxwood,True
Buxus sempervirens,Common Boxwood,True
Buxus sempervirens 'Suffruticosa',English Boxwood,True
Buxus sempervirens 'Vardar Valley',Vardar Valley Boxwood,True
Buxus sinica,Korean Boxwood,True
Calamagrostis arundinacea,Korean Feather Reed Grass,True
Calamagrostis x acutiflora,Feather Reed Grass,True
Calamagrostis x acutiflora 'Karl Foerster',Karl Foerster Feather Reed Grass,True
Calendula officinalis,Pot Marigold,True
Callicarpa bodinieri,Bodinier Beautyberry,True
Callicarpa dichotoma,Purple Beautyberry,True
Callitropsis nootkatensis 'Pendula',Nootka Cypress,True
Caltha palustris,Marsh Marigold,True
Calycanthus chinensis,Chinese Sweetshrub,True
Camellia oleifera,Oil-seed Camellia,True
Camellia reticulata,To-tsubaki,True
Camellia sasanqua,Sasanqua Camellia,True
Camellia sinensis,Tea Camellia,True
Campanula carpatica,Carpathian Bellflower,True
Campanula glomerata,Clustered Bellflower,True
Campanula medium,Canterbury Bells,True
Campanula persicifolia,Peachleaf Bellflower,True
Campanula punctata,Spotted Bellflower,True
Campanula trachelium,Coventry Bellflower,True
Campsis grandiflora,Chinese Trumpet Creeper,True
Campsis x tagliabueana,Madame Galen,True
Canna flaccida,Golden Canna,True
Capsicum annuum,Sweet Pepper,True
Carex albula,New Zealand Hair Sedge,True
Carex buchananii,Leatherleaf Sedge,True
Carex divulsa,European Gray Sedge,True
Carex dolichostachya,Gold Fountains,True
Carex flagellifera,Weeping Brown Sedge,True
Carex grayi,Gray's Sedge,True
Carex laxiculmis 'Bunny Blue',Creeping Sedge,True
Carex normalis,Greater Straw Sedge,True
Carex oshimensis,Evergold Sedge,True
Carex texensis,Texas Sedge,True
Cartrema americana,Devilwood,True
Caryopteris,Bluebeard,True
Caryopteris x clandonensis,Blue Mist Shrub,True
Castanea dentata,American Chestnut,True
Castanea sativa,Spanish Chestnut,True
Catalpa ovata,Chinese Catalpa,True
Catharanthus roseus,Madagascar Periwinkle,True
Centaurea cyanus,Bachelor's Button,True
Cephalanthus occidentalis,Buttonbush,True
Cephalotaxus harringtonia,Japanese Plum Yew,True
Cephalotaxus harringtonia 'Duke Gardens',Duke Gardens Plum Yew,True
Cephalotaxus harringtonia 'Prostrata',Prostrate Japanese Plum Yew,True
Cerastium tomentosum,Snow-in-summer,True
Ceratostigma plumbaginoides,Blue Leadwort,True
Ceratostigma willmottianum,Chinese Leadwort,True
Cercis canadensis,Eastern Redbud,True
Cercis chinensis,Chinese Redbud,True
Cercis chingii,Ching's Redbud,True
Cercis gigantea,Giant Redbud,True
Cercis siliquastrum,Judas Tree,True
Cestrum,Cestrum,True
Cestrum aurantiacum,Orange Cestrum,True
Chaenomeles,Flowering Quince,True
Chaenomeles speciosa,Common Flowering Quince,True
Chamaecyparis,False-cypress,True
Chamaecyparis obtusa 'Crippsii',Golden Hinoke Cypress,True
Chamaecyparis pisifera 'Snow',Snow False-cypress,True
Chamaecyparis thyoides 'Red Star',Red Star White Cypress,True
Chasmanthium latifolium,River Oats,True
Chelone lyonii,Pink Turtlehead,True
Chrysanthemum x morifolium,Garden Mum,True
Chrysogonum virginianum,Green and Gold,True
Clematis viorna,Leatherflower,True
Clematis virginiana,Devil's Darning Needles,True
Clematis x jackmanii,Jackman's Clematis,True
Cleome,Bee Plant,True
Cleome houtteana,Cleome,True
Clethra acuminata,Cinnamonbark Clethra,True
Clethra alnifolia,Alderleaf Clethra,True
Clinopodium nepeta,Lesser Calamint,True
Colchicum,Autumn Crocus,True
Coleus scutellarioides,Coleus,True
Colocasia,Dasheen,True
Colocasia esculenta,Caladium,True
Comptonia peregrina,Sweet Fern,True
Conoclinium coelestinum,Ageratum,True
Convallaria majalis,Lily of the Valley,True
Coreopsis auriculata,Eared Coreopsis,True
Coreopsis lanceolata,Lanceleaf Coreopsis,True
Coreopsis pubescens,Downy Tickseed,True
Coreopsis tinctoria,Calliopsis,True
Cornus alba,Red-Barked Dogwood,True
Cornus alternifolia,Alternate-leaf Dogwood,True
Cornus canadensis,Bunchberry,True
Cornus controversa,Giant Dogwood,True
Cornus drummondii,Cornel Dogwood,True
Cornus mas,Cornelian Cherry,True
Cornus officinalis,Chinese Cornelian Dogwood,True
Crataegus mollis,Downy Hawthorn,True
Crataegus phaenopyrum,Washington Hawthorn,True
Crinum,Crinum Lily,True
Crocosmia 'Lucifer',Montbretia,True
Crocus,Common Crocus,True
Croton alabamensis,Alabama Croton,True
Cryptomeria japonica,Japanese Cedar,True
Curio repens,Blue Chalksticks,True
Cyclamen hederifolium,Hardy Cyclamen,True
Cynara cardunculus,Cardoon,True
Cyrtomium falcatum,Holly Fern,True
Cyrtomium fortunei,Japanese Holly Fern,True
Cystopteris bulbifera,Berry Bladder Fern,True
Cystopteris fragilis,Brittle Bladder Fern,True
Cystopteris protrusa,Lowland Brittle Fern,True
Dasiphora fruticosa,Bush Cinquefoil,True
Datura wrightii,Sacred Datura,True
Delphinium carolinianum,Carolina Larkspur,True
Delphinium elatum,Delphinium,True
Delphinium grandiflorum,Dwarf Larkspur,True
Dennstaedtia punctilobula,Hay-scented Fern,True
Deparia acrostichoides,Silvery Glade Fern,True
Deutzia,Deutzia,True
Deutzia crenata,Deutzia,True
Deutzia gracilis,Slender Deutzia,True
Deutzia ningpoensis,Ningbo Deutzia,True
Deutzia scabra,Pride-of-Rochester,True
Deutzia x lemoinei,Lemoine Deutzia,True
Dicentra canadensis,Squirrel Corn,True
Dicentra cucullaria,Dutchman's Breeches,True
Dicentra eximia,Bleeding-heart,True
Dictamnus albus,Burning Bush,True
Diervilla sessilifolia,Bush Honeysuckle,True
Digitalis purpurea,Common Foxglove,True
Diospyros virginiana,American Persimmon,True
Distylium racemosum,Isu tree,True
Dryopteris,Buckler Fern,True
Dryopteris affinis,Golden Male Fern,True
Dryopteris carthusiana,Shield Fern,True
Dryopteris celsa,Log Fern,True
Dryopteris cristata,Crested Woodfern,True
Dryopteris dilatata,Broad Buckler Fern,True
Dryopteris erythrosora,Autumn Fern,True
Dryopteris filix-mas,Male Fern,True
Dryopteris goldieana,Giant Woodfern,True
Dryopteris intermedia,Evergreen Woodfern,True
Dryopteris ludoviciana,Southern Woodfern,True
Dryopteris marginalis,Evergreen Woodfern,True
Dryopteris sieboldii,Siebold's Woodfern,True
Dryopteris villarii,Rigid Buckler Fern,True
Dryopteris wallichiana,Wallich's Woodfern,True
Dryopteris x australis,Dixie Woodfern,True
Echinacea laevigata,Smooth Purple Coneflower,True
Echinacea pallida,Pale Purple Coneflower,True
Echinacea paradoxa,Bushe's Coneflower,True
Echinacea purpurea,Purple Coneflower,True
Epimedium x versicolor 'Sulphureum',Bicolor Barrenwort,True
Epimedium x youngianum 'Niveum',Bishop's Hat,True
Equisetum arvense,Common Horsetail,True
Equisetum praealtum,Scouring Rush,True
Eranthis cilicica,Winter Aconite,True
Eremurus,Desert Candle,True
Erica carnea,Alpine Heath,True
Erigeron,Common Fleabane,True
Eriobotrya japonica,Japanese Medlar,True
Eriocapitella hupehensis,Chinese Anemone,True
Eriocapitella x hybrida,Japanese Anemone,True
Eryngium aquaticum,Bitter Snakeroot,True
Eryngium planum,Blue Eryngo,True
Eryngium yuccifolium,Beargrass,True
Erysimum x hybrida,Wallflower,True
Eubotrys racemosa,Swamp Doghobble,True
Eucomis comosa 'Sparkling Burgundy',Pineapple Lily,True
Eupatorium altissimum,Tall Boneset,True
Eupatorium capillifolium,Dogfennel,True
Eupatorium perfoliatum,American Boneset,True
Euphorbia,Euphorbia,True
Euphorbia amygdaloides subsp. robbiae,Mrs. Robb's Bonnet,True
Euphorbia characias,Albanian Spurge,True
Euphorbia corollata,Baby's Breath of the Prairie,True
Euphorbia cotinifolia,Caribbean Cooper Plant,True
Euphorbia epithymoides,Cushion Euphorbia,True
Eutrochium dubium,Coastal Plain Joe Pye Weed,True
Eutrochium maculatum,Joe-Pye-weed,True
Eutrochium purpureum,Joe-Pye Weed,True
Fagus sylvatica,Common Beech,True
Fagus sylvatica 'Asplenifolia',Fern Leaved Beech,True
Fagus sylvatica f. pendula,Weeping European Beech,True
Fallopia aubertii,Fleece Vine,True
Farfugium japonicum,Leopard Plant,True
Festuca rubra,Creeping Red Fescue,True
Ficus pumila,Climbing Fig,True
Firmiana simplex,Chinese Bottletree,True
Forsythia ovata,Early Forsythia,True
Forsythia viridissima,Golden Bells,True
Fothergilla gardenii,Dwarf Fothergilla,True
Fothergilla latifolia,Large Fothergilla,True
Fothergilla 'Mount Airy',Dwarf Fothergilla,True
Fraxinus americana,White Ash,True
Fraxinus pennsylvanica,Green Ash,True
Fraxinus profunda,Pumpkin Ash,True
Fritillaria meleagris,Snakeshead Lily,True
Gaillardia x grandiflora,Blanket Flower,True
Galanthus elwesii,Giant Snowdrop,True
Galanthus nivalis,Common Snowdrop,True
Gardenia jasminoides,Cape Jasmine,True
Garrya elliptica,Coast Silktassel,True
Gypsophila elegans,Baby's Breath,True
Gypsophila paniculata,Baby's Breath,True
Hakonechloa macra,Forest Grass,True
Hamamelis mollis,Chinese Witchhazel,True
Hamamelis vernalis,Ozark Witch Hazel,True
Hamamelis virginiana,Common Witchhazel,True
Hamamelis x intermedia,Hybrid Witchhazel,True
Helenium,Sneezeweed,True
Helenium autumnale,Autumn Sneezeweed,True
Helenium flexuosum,Purple-headed Sneezeweed,True
Helianthus atrorubens,Appalachian Sunflower,True
Helianthus divaricatus,Rough Sunflower,True
Helianthus maximiliani,Maximilian Sunflower,True
Helictotrichon sempervirens,Blue Oats Grass,True
Heliotropium arborescens,Heliotrope,True
Helleborus,Christmas Roses,True
Helleborus argutifolius,Corsican Hellebore,True
Helleborus croaticus,Croatian Hellebore,True
Helleborus foetidus,Bearsfoot Hellebore,True
Helleborus niger,Black Hellebore,True
Helleborus orientalis,Christmas Rose,True
Helleborus x hybridus,Hybrid Lenten Rose,True
Hesperis matronalis,Dame's Rocket,True
Hesperocyparis arizonica,Arizona Cypress,True
Heuchera,Alumroot,True
Heuchera americana,Alumroot,True
Hyacinthoides hispanica,Spanish Bluebell,True
Hydrangea arborescens,Hills of Snow,True
Hymenocallis,Basket Flower,True
Hypericum kalmianum,St. John's Wort,True
Hyssopus officinalis,Hyssop,True
Iberis amara,Annual Candytuft,True
Iberis sempervirens,Candytuft,True
Ilex,Hollies,True
Ilex chinensis,Kashi Holly,True
Ilex cornuta,Chinese Holly,True
Ilex cornuta 'Burfordii',Burford Holly,True
Ilex crenata,Box Leaved Holly,True
Ilex decidua,Possumhaw,True
Ilex latifolia,Lusterleaf Holly,True
Ilex montana,Mountain Holly,True
Ilex opaca,American Holly,True
Ilex pedunculosa,Longstalk Holly,True
Ilex verticillata,Winterberry,True
Ilex vomitoria,Yaupon,True
Ilex x aquipernyi,Aquipern Holly,True
Ilex x attenuata,Foster Holly,True
Illicium parviflorum,Hardy Anise Shrub,True
Incarvillea delavayi,Hardy Gloxinia,True
Ipomoea alba,Moonflower,True
Ipomoea quamoclit,Cypress Vine,True
Ipomoea tricolor,Morning Glory,True
Ipomopsis rubra,Scarlet Gilia,True
Iris,Flag,True
Iris cristata,Crested Dwarf Iris,True
Iris ensata,Japanese Iris,True
Iris japonica,Butterfly Flower,True
Iris laevigata,Water Iris,True
Iris pallida 'Variegata',Zebra Iris,True
Iris reticulata,Dwarf Iris,True
Iris sibirica,Siberian Iris,True
Iris tectorum,Roof Iris,True
Iris versicolor,Northern Blue Flag,True
Iris virginica,Southern Blue Flag Iris,True
Iris x germanica,Bearded Iris,True
Itea virginica,Virginia Sweetspire,True
Jasminum nudiflorum,Winter Jasmine,True
Juniperus chinensis,Chinese Juniper,True
Juniperus communis,Common Juniper,True
Juniperus conferta,Shore Juniper,True
Juniperus horizontalis,Creeping Juniper,True
Juniperus procumbens,Japanese Garden Juniper,True
Juniperus sabina,Savin Juniper,True
Juniperus scopulorum,Rocky Mountain Juniper,True
Juniperus squamata 'Blue Star',Blue Star Juniper,True
Juniperus virginiana,Eastern Redcedar,True
Juniperus x pfitzeriana,Pfitzer Juniper,True
Kalimeris incisa,Blue Star Kalimeris,True
Kalmia latifolia,Mountain Laurel,True
Kerria japonica,Japanese Kerria,True
Kniphofia uvaria,Red Hot Poker,True
Koelreuteria bipinnata,Chinese Flame Tree,True
Koelreuteria paniculata,Golden Rain Tree,True
Kolkwitzia amabilis,Beautybush,True
Lagerstroemia indica,Crape Myrtle,True
Lamium maculatum 'Aureum',Golden Dead Nettle,True
Lamprocapnos spectabilis,Bleeding Heart,True
Lantana camara,Common Lantana,True
Larix decidua,European Larch,True
Lavandula stoechas,French Lavender,True
Lavandula x intermedia,Hybrid Lavender,True
Lespedeza thunbergii,Bush Clover,True
Leucanthemum vulgare,Marguerite,True
Leucanthemum x superbum,Shasta Daisy,True
Leucojum aestivum,Lodden Lily,True
Leucojum vernum,Snowflake,True
Leucothoe axillaris,Coastal Doghobble,True
Leucothoe fontanesiana,Doghobble,True
Leymus arenarius,Blue Lyme Grass,True
Liatris microcephala,Appalachian Blazing Star,True
Ligustrum japonicum,Japanese Privet,True
Ligustrum lucidum,Glossy Privet,True
Ligustrum sinense,Chinese Privet,True
Liquidambar formosana,Chinese Sweetgum,True
Liquidambar styraciflua,American Sweet Gum,True
Liriodendron tulipifera,Tulip Tree,True
Liriope,Lilyturf,True
Liriope muscari,Big Blue Lilyturf,True
Liriope spicata,Creeping Lilyturf,True
Lonicera fragrantissima,Fragrant Honeysuckle,True
Lonicera maackii,Amur Honeysuckle,True
Lonicera periclymenum,Common Honeysuckle,True
Lonicera sempervirens,Coral Honeysuckle,True
Lonicera x heckrottii,Goldflame Honeysuckle,True
Magnolia x soulangeana,Saucer Magnolia,True
Malvaviscus arboreus var. drummondii,Turk's Cap,True
Melaleuca citrina,Crimson Bottle Brush,True
Melampodium leucanthum,Blackfoot Daisy,True
Metasequoia glyptostroboides,Dawn Redwood,True
Microbiota decussata,Siberian Carpet Cypress,True
Mimulus ringens,Allegheny Monkey Flower,True
Miscanthus sinensis,Maiden Grass,True
Miscanthus transmorrisonensis,Evergreen Miscanthus,True
Monarda bradburyana,Bradbury Beebalm,True
Monarda didyma,Bee Balm,True
Monarda fistulosa,Wild Bergamot,True
Monarda punctata,Spotted Beebalm,True
Morus rubra,Red Mulberry,True
Muhlenbergia capillaris,Pink Muhly Grass,True
Muhlenbergia lindheimeri,Lindheimer's Muhly,True
Muscari,Grape Hyacinth,True
Myrica californica,California Bayberry,True
Myrica cerifera,Southern Wax Myrtle,True
Myrtus communis,Common Myrtle,True
Nandina domestica,Heavenly Bamboo,True
Narcissus jonquilla,Daffodil,True
Narcissus tazetta,Paper White Narcissus,True
Narcissus triandrus,Orchid Daffodil,True
Nassella tenuissima,Mexican Feather Grass,True
Nepeta,Catmint,True
Nepeta cataria,Catnip,True
Nepeta x faassenii 'Walker's Low',Walker's Low Catmint,True
Nephrolepis exaltata,Boston Fern,True
Nerine bowdenii,Guernsey Lily,True
Nerium oleander,Oleander,True
Nicotiana tabacum,Tobacco,True
Nyssa sylvatica,Black Tupelo,True
Oenothera berlandieri 'Siskiyou',Evening Primrose,True
Oenothera fruticosa,Southern Sundrops,True
Oenothera lindheimeri,Lindheimer's Gaura,True
Onoclea sensibilis,Sensitive Fern,True
Onoclea struthiopteris,Ostrich Fern,True
Ophiopogon japonicus,Mondo Grass,True
Ophiopogon planiscapus 'Nigrescens',Black Mondo Grass,True
Opuntia,Prickly Pear Cactus,True
Opuntia humifusa,Eastern Prickly Pear,True
Origanum,Oregano,True
Origanum majorana,Sweet Marjoram,True
Origanum vulgare subsp. hirtum,Greek Oregano,True
Osmanthus delavayi,Delavay Tea Olive,True
Osmanthus fragrans,Fragrant Tea Olive,True
Panicum virgatum,Switchgrass,True
Panicum virgatum 'Heavy Metal',Heavy Metal Switch Grass,True
Panicum virgatum 'Northwind',Northwind Switchgrass,True
Papaver orientale,Oriental Poppy,True
Parthenocissus quinquefolia,Virginia Creeper,True
Passiflora incarnata,Passionflower,True
Passiflora lutea,Yellow Passionflower,True
Penstemon canescens,Appalachian Beardtongue,True
Penstemon digitalis 'Huskers Red',Huskers Red Penstemon,True
Pentas lanceolata,Star Cluster,True
Petrosedum rupestre 'Angelina',Rocky Stonecrop,True
Petunia x hybrida,Garden Petunia,True
Phedimus kamtschaticus,Kamschatka Sedum,True
Phlomis fruticosa,Jerusalem Sage,True
Phlox glaberrima,Smooth Phlox,True
Phlox stolonifera,Creeping Phlox,True
Phlox subulata,Moss Phlox,True
Physostegia virginiana,Obedient Plant,True
Phytolacca americana,Pokeweed,True
Picea abies 'Nidiformis',Bird's Nest Spruce,True
Picea laxa,White Spruce,True
Pinus cembra,Swiss Stone Pine,True
Pinus densiflora,Japanese Red Pine,True
Pinus echinata,Shortleaf Pine,True
Pinus edulis,Pinyon Pine,True
Pinus elliottii,Slash Pine,True
Pinus flexilis,Limber Pine,True
Pinus glabra,Spruce Pine,True
Pinus heldreichii,Bosnian Pine,True
Pinus jeffreyi,Jeffrey's Pine,True
Pinus koraiensis,Korean Pine,True
Pinus monticola,Western White Pine,True
Pinus mugo,Mugo Pine,True
Pinus nigra,Austrian Pine,True
Pinus palustris,Longleaf Pine,True
Pinus parviflora,Japanese White Pine,True
Pinus peuce,Macedonian Pine,True
Pinus pinaster,Maritime Pine,True
Pinus ponderosa,Ponderosa Pine,True
Pinus rigida,Pitch Pine,True
Pinus serotina,Pond Pine,True
Pinus strobus,Eastern White Pine,True
Pinus sylvestris,Scots Pine,True
Pinus taeda,Loblolly Pine,True
Pinus thunbergii,Japanese Black Pine,True
Pinus virginiana,Virginia Pine,True
Pinus wallichiana,Himalayan Pine,True
Pinus yunnanensis,Yunnan Pine,True
Platanus occidentalis,American Sycamore,True
Platanus x acerifolia,London Planetree,True
Platycodon grandiflorus,Balloon Flower,True
Podophyllum pleianthum,Chinese Mayapple,True
Polemonium reptans,Jacob's Ladder,True
Polypodium appalachianum,Appalachian Polypody,True
Polypodium virginianum,American Wall Fern,True
Polypodium vulgare,Common Polypody,True
Polystichum acrostichoides,Christmas Fern,True
Polystichum braunii,Braun's Holly Fern,True
Polystichum polyblepharum,Japanese Tassel Fern,True
Polystichum setiferum,Soft Shield Fern,True
Pontederia cordata,Pickerelweed,True
Portulaca grandiflora,Moss Rose,True
Prunus caroliniana,Carolina Cherry Laurel,True
Prunus serotina,Black Cherry,True
Prunus serrulata,Japanese Cherry,True
Pteridium latiusculum,Bracken Fern,True
Pulmonaria longifolia,Bethlehem Sage,True
Pulmonaria 'Raspberry Splash',Raspberry Splash Lungwort,True
Pycnanthemum,Mountain Mint,True
Pycnanthemum flexuosum,Appalachian Mountain Mint,True
Pycnanthemum incanum,Hoary Mountain Mint,True
Pyracantha coccinea,Firethorn,True
Pyracantha koidzumii,Formosan Firethorn,True
Pyrus calleryana,Callery Pear,True
Quercus acutissima,Sawtooth Oak,True
Quercus alba,White Oak,True
Quercus nigra,Black Oak,True
Quercus oglethorpensis,Oglethorpe Oak,True
Quercus pagoda,Cherry Bark Oak,True
Quercus petraea,Cornish Oak,True
Quercus phellos,Willow Oak,True
Quercus robur,Common Oak,True
Quercus rubra,American Red Oak,True
Quercus stellata,Post Oak,True
Quercus texana,Nuttall Oak,True
Quercus variabilis,Chinese Cork Oak,True
Quercus virginiana,Live Oak,True
Rhododendron hybrids,Exbury Azaleas,True
Rhododendron impeditum,Dwarf Purple Rhododendron,True
Ribes alpinum,Alpine Currant,True
Ribes sanguineum,Blood Currant,True
Ricinus communis,Castor Bean,True
Rohdea japonica,Japanese Sacred Lily,True
Rosa banksiae 'Lutea',Yellow Banksia Rose,True
Rosa laevigata,Cherokee Rose,True
Rosa rugosa,Beach Rose,True
Rubus allegheniensis,Allegheny Blackberry,True
Rubus idaeus subsp. strigosus,American Raspberry,True
Rubus occidentalis,Blackcap,True
Rudbeckia fulgida,Black-eyed Susan,True
Rudbeckia laciniata,Cutleaf Coneflower,True
Rudbeckia maxima,Cabbage-leaf Coneflower,True
Salix udensis 'Sekka',Japanese Fantail Willow,True
Salvia azurea,Blue Sage,True
Salvia coccinea,Bloody Sage,True
Salvia elegans,Pineapple Sage,True
Salvia farinacea,Blue Sage,True
Salvia greggii,Autumn Sage,True
Salvia guaranitica,Anise Sage,True
Salvia leucantha,Mexican Bush Sage,True
Salvia lyrata,Lyreleaf Sage,True
Salvia microphylla,Baby Sage,True
Salvia nemorosa,Balkan Clary,True
Salvia officinalis,Common Sage,True
Salvia rosmarinus,Rosemary,True
Salvia sclarea,Clary Sage,True
Salvia splendens,Scarlet Sage,True
Salvia uliginosa,Blue Spike Sage,True
Salvia x sylvestris,Meadow Sage,True
Salvia yangii,Russian Sage,True
Sanguisorba canadensis,American Burnet,True
Santolina etrusca,Cotton Lavender,True
Santolina rosmarinifolia,Green Lavender Cotton,True
Sarcococca confusa,Fragrant Sarcococca,True
Sarcococca hookeriana,Himalayan Sarcococca,True
Sarcococca orientalis,Christmas Box,True
Sarcococca ruscifolia,Fragrant Sarcococca,True
Satureja hortensis,Summer Savory,True
Saururus cernuus,Lizard's Tail,True
Scabiosa atropurpurea,Pincushion Flower,True
Schizachyrium scoparium,Little Bluestem,True
Sinojackia rehderiana,Jacktree,True
Solidago,Goldenrod,True
Solidago altissima,Canada Goldenrod,True
Solidago caesia,Axillary Goldenrod,True
Solidago juncea,Early Goldenrod,True
Solidago nemoralis,Common Goldenrod,True
Solidago odora,Anise Goldenrod,True
Solidago rugosa 'Fireworks',Fireworks Goldenrod,True
Solidago sempervirens,Seaside Goldenrod,True
Solidago speciosa,Showy Goldenrod,True
Solidago sphacelata,Autumn Goldenrod,True
Solidago virgaurea 'Peter Pan',Peter Pan Goldenrod,True
Sorghastrum nutans,Indiangrass,True
Spiraea alba,Meadowsweet,True
Spiraea cantoniensis,Bridal-wreath Spiraea,True
Spiraea japonica 'Goldmound',Goldmound Spirea,True
Spiraea nipponica 'Snowmound',Snowmound Spiraea,True
Spiraea thunbergii 'Ogon',Golden Thunberg's Spirea,True
Spiraea tomentosa,Hardbark Spiraea,True
Spiraea x vanhouttei,Bridal Wreath,True
Sporobolus heterolepis,Prairie Dropseed,True
Stachys byzantina,Lamb's Ear,True
Stokesia laevis,Stokes' Aster,True
Syringa oblata,Broadleaf Lilac,True
Syringa persica,Persian Lilac,True
Syringa reticulata,Japanese Tree Lilac,True
Syringa villosa,Late Lilac,True
Syringa vulgaris,Common Lilac,True
Tagetes,Marigold,True
Tagetes erecta,African Marigold,True
Tagetes patula,French Marigold,True
Taxodium distichum,Baldcypress,True
Tetradium daniellii,Bee Bee Tree,True
Teucrium chamaedrys,Germander,True
Thalictrum aquilegiifolium,Columbine Meadowrue,True
Thalictrum dasycarpum,Purple Meadowrue,True
Thelypteris kunthii,Kunth's Maiden Fern,True
Thelypteris noveboracensis,New York Fern,True
Thelypteris palustris subsp. pubescens,Eastern Marsh Fern,True
Thymus praecox,Creeping Thyme,True
Thymus pseudolanuginosus,Wooly Thyme,True
Thymus pulegioides,Broad-Leaved Thyme,True
Thymus serpyllum,Creeping Thyme,True
Thymus x citriodorus,Lemon Thyme,True
Tulbaghia violacea,Pink Agapanthus,True
Ulmus alata,Winged Elm,True
Ulmus americana,American Elm,True
Verbascum,Mullein,True
Verbascum thapsus,Common Mullein,True
Verbena bonariensis,Argentinian Vervain,True
Verbena rigida,Purple Verbena,True
Verbesina occidentalis,Small Yellow Crownbeard,True
Vernonia gigantea,Giant Ironweed,True
Veronica,Speedwell,True
Veronica spicata,Spiked Speedwell,True
Veronicastrum virginicum,Bowman's Root,True
Viburnum acerifolium,Maple Leaf Viburnum,True
Viburnum awabuki 'Chindo',Chindo Sweet Viburnum,True
Viburnum carlesii,Koreanspice Viburnum,True
Viburnum cassinoides,Blue Haw,True
Viburnum davidii,David Viburnum,True
Viburnum dilatatum,Linden Viburnum,True
Viburnum lantana,Wayfaringtree Viburnum,True
Viburnum lantanoides,Alder-leaved Viburnum,True
Viburnum lentago,Black Haw,True
Viburnum obovatum,Small Leaf Arrowwood,True
Viburnum opulus,Cranberry Bush Viburnum,True
Viburnum plicatum var. tomentosum,Doublefile Viburnum,True
Viburnum prunifolium,Blackhaw,True
Viburnum x juddii,Judd Viburnum,True
Viburnum x pragense,Pragense Viburnum,True
Vinca major,Big Leaf Periwinkle,True
Vinca minor,Common Periwinkle,True
Viola canadensis,Canada Violet,True
Viola cornuta,Horned Violet,True
Viola odorata,Common Violet,True
Viola pedata,Bird-Foot Violet,True
Viola sororia,Common Blue Violet,True
Viola x wittrockiana,Pansy,True
Vitex agnus-castus,Chasteberry,True
Waldsteinia ternata,Barren Strawberry,True
Weigela florida,Old Fashioned Weigela,True
Wisteria,Wisteria,True
Wisteria floribunda,Japanese Wisteria,True
Wisteria frutescens 'Amethyst Falls',Amethyst Falls Wisteria,True
Wisteria sinensis,Chinese Wisteria,True
Woodsia obtusa,Common Woodsia,True
Woodwardia areolata,Netted Chain Fern,True
Zinnia haageana,Mexican Zinnia,True
Zizia aptera,Heartleaf Golden-Alexanders,True
